Customer Id,CustomerChurn,LastInvoiceDate,AvgInvoiceAmount,LocationName,Zip,AvgMiles,NoCalls,ClaimsMade,DelayedQuote,PickupDelay,DeliveryDelay,VolumeChange,PriceChangedPostQuote,CompetitorsPresent,CurrentInflation
26342,1,05-Aug-14,4935,"Carlyle,Illinois",62231,433.5024921,0,0,0,0,0,0,0,0,1
38851,0,17-Oct-17,24312,"White Rock,New Mexico",87547,2401.160037,0,0,1,1,1,0,0,0,1
32312,0,31-Mar-16,5881,"Youngstown,Ohio",44510,568.082307,0,0,0,0,0,0,0,0,1
46203,0,17-Mar-14,19058,"Santa Clarita,California",91350,1865.804156,0,0,0,1,1,0,0,0,0
12234,0,05-May-14,15413,"Largo,Florida",33779,1501.318918,1,0,0,0,0,0,0,0,1
50387,0,01-Sep-16,12187,"Preston,Oklahoma",74456,1173.738409,0,0,1,1,1,0,0,0,1
33515,0,09-Nov-17,25010,"Astor,Florida",32102,2441.015116,0,0,0,0,0,0,0,0,1
39650,1,18-Aug-14,9346,"Ann Arbor, MI ",48108,869.567879,0,0,0,1,1,1,0,1,1
2862,0,25-Jun-17,37314,"Huntington Beach,California",92649,3711.39158,0,0,1,1,1,0,0,0,1
32796,0,30-Oct-14,11154,"Hull,Texas",77564,1050.430088,0,0,0,0,0,0,0,0,1
47370,0,08-Jan-16,18914,"New Columbia,Pennsylvania",17856,1871.435381,0,0,1,1,1,0,0,0,1
38284,0,17-Aug-15,22981,"Torrance,California",90506,2278.103059,1,0,0,0,0,0,0,0,0
46541,0,28-Jan-17,11336,"Saint Joe,Indiana",46785,1083.586306,0,0,0,1,0,0,0,0,1
50829,0,13-May-14,2700,"Knoxville,Alabama",35469,209.998295,0,0,1,0,0,0,0,0,1
25027,0,05-Feb-16,23059,"Boise,Idaho",83715,2260.94751,0,0,1,1,0,0,0,0,1
8004,0,14-Mar-15,17101,"Oakley,Idaho",83346,1670.104324,1,0,1,0,0,0,0,0,0
19684,0,29-Nov-14,10547,"Walton,West Virginia",25286,1009.67152,0,0,0,1,0,0,0,0,0
54534,0,18-Jun-13,9764,"Macon,Georgia",31208,911.439685,0,0,0,1,0,0,0,0,0
13403,0,14-Feb-14,14805,"Dallas,Texas",75250,1440.489478,0,0,0,1,0,0,0,0,0
23839,0,05-Jan-17,14952,"La Quinta,California",92248,1430.212682,0,0,0,1,0,0,0,0,1
54556,0,28-Apr-15,9947,"Petros,Tennessee",37845,954.6983113,0,0,0,0,0,0,0,0,0
59712,0,04-Mar-14,13524,"Minot,North Dakota",58707,1312.386259,0,0,0,0,0,0,0,0,0
6584,0,12-Jan-13,15462,"West Hempstead,New York",11552,1521.17737,0,0,0,0,0,0,0,0,0
27072,0,27-Jan-13,8981,"Tulsa,Oklahoma",74110,848.1355924,0,0,0,0,0,0,0,0,0
23023,0,12-Aug-13,17666,"Litchville,North Dakota",58461,1731.609973,0,0,0,0,0,0,0,0,0
29724,0,22-Jan-15,37393,"Ocean Bluff,Massachusetts",2065,3709.305123,0,0,0,0,0,0,0,0,0
23374,0,07-Dec-15,38184,"Philadelphia,Pennsylvania",19099,3768.409161,0,0,0,0,0,0,0,0,0
13776,0,15-Aug-15,12786,"Cavalier,North Dakota",58220,1258.64573,0,0,0,0,0,0,0,0,0
1426,0,13-Jun-16,2044,"Gnadenhutten,Ohio",44629,164.445445,0,0,0,0,0,0,0,0,1
48905,0,06-Sep-14,17662,"Elkhorn,Nebraska",68022,1731.191078,0,0,0,0,0,0,0,0,1
48668,0,05-Jul-17,11990,"New York,New York",10272,1163.999681,0,0,0,0,0,0,0,0,1
40303,0,03-Mar-17,6807,"Modena,Pennsylvania",19358,660.6576555,0,0,0,0,0,0,0,0,1
10564,0,21-Oct-13,19756,"Eagleville,Pennsylvania",19415,1925.598768,0,0,0,0,0,0,0,0,0
11710,0,14-Apr-14,13903,"Guernsey,Wyoming",82214,1335.270855,0,0,0,0,0,0,0,0,1
12204,0,19-Jul-14,38785,"East Randolph,Vermont",5041,3818.45619,0,0,0,0,0,0,0,0,1
36634,1,05-Jan-14,24353,"Lake Mc Donald,Montana",59921,2380.287616,0,0,1,0,0,1,1,0,1
22423,0,07-Aug-17,14423,"Aynor,South Carolina",29511,1382.3179,0,0,0,0,0,0,0,0,1
52568,0,11-Sep-13,33375,"Tacoma,Washington",98418,3297.456379,0,0,0,0,0,0,0,0,0
51857,0,17-Oct-16,18455,"Loughman,Florida",33858,1825.513201,0,0,0,0,0,0,0,0,1
35573,0,06-Jan-16,4258,"Farley,Missouri",64028,370.7908968,1,0,0,0,0,0,0,0,1
21640,1,19-Oct-15,6696,"Atlanta, GA ",30361,649.5768329,0,1,0,1,1,0,0,1,0
58309,0,31-Oct-15,9144,"Bath,Illinois",62617,874.3632152,0,0,0,0,0,0,0,0,0
46771,0,08-Oct-14,2475,"Hughesville,Pennsylvania",17737,212.4579267,0,0,0,0,0,0,0,0,1
32039,0,02-Feb-16,7089,"Robards,Kentucky",42452,648.9400433,0,0,0,0,0,0,0,0,1
27593,0,15-Jul-17,14856,"Perry,Kansas",66073,1435.608434,1,0,0,0,0,0,0,0,1
12262,0,21-Sep-13,17364,"Cornish,Maine",4020,1676.363369,0,0,0,0,0,0,0,0,0
26498,0,18-Apr-16,9448,"Champlin,Minnesota",55316,884.7923701,0,0,0,0,0,0,0,0,1
9900,0,30-Jul-17,32232,"Pensacola,Florida",32522,3163.154838,0,0,0,0,0,0,0,0,1
46008,0,04-Jun-16,12121,"Lansing,Michigan",48917,1192.078687,0,0,0,0,0,0,0,0,1
45669,0,10-Jun-17,4929,"Plymouth,Vermont",5056,452.9283541,0,0,0,0,0,0,0,0,1
52905,0,20-Sep-16,34131,"Fort Jones,California",96032,3393.117954,0,0,0,0,0,0,0,0,1
50540,0,27-Apr-16,3507,"Oakdale,Wisconsin",54649,310.7024858,0,0,0,0,0,0,0,0,1
52724,1,06-Jan-13,2495,"Sauquoit,New York",13456,194.4601498,2,0,1,0,0,0,1,0,0
31674,1,03-Jul-14,12182,"New York, NY ",10003,1178.197817,1,1,0,1,1,0,0,1,1
9036,0,21-Nov-16,39618,"Weehawken,New Jersey",7086,3921.798432,0,0,0,0,0,0,0,0,1
11462,0,01-Aug-14,8756,"Hamtramck,Michigan",48212,850.6242536,0,0,0,0,0,0,0,0,1
59053,0,06-Apr-14,25286,"Oakville,Texas",78060,2478.61483,1,0,0,0,0,0,0,0,1
30668,0,07-Jul-14,42553,"Wolfeboro Falls,New Hampshire",3896,4190.320729,0,0,0,0,0,0,0,0,1
37542,0,13-Dec-15,18043,"Whitman,West Virginia",25652,1739.301002,0,0,0,0,0,0,0,0,0
50106,0,09-Jul-17,23981,"Fresno,California",93771,2353.141153,0,0,0,0,0,0,0,0,1
53115,0,03-Feb-17,8650,"Philadelphia,Pennsylvania",19190,840.0375354,0,0,0,0,0,0,0,0,1
36042,0,22-May-13,30281,"Meadow,Utah",84644,2983.103378,0,0,0,0,0,0,0,0,0
32306,0,02-May-17,19870,"Columbus,Nebraska",68601,1942.048341,0,0,0,0,0,0,0,0,1
55081,1,13-Apr-13,7593,"Chicago, IL ",60647,699.3198496,4,0,1,1,0,0,0,1,1
35713,0,27-Aug-13,11685,"Stone Mountain,Georgia",30088,1133.504351,0,0,0,0,0,0,0,0,0
27304,1,04-Aug-14,7144,"Harrod,Ohio",45850,664.4497179,5,1,0,1,1,0,1,0,1
33360,0,05-Oct-16,12729,"Sherwood,Arkansas",72120,1242.864112,0,0,0,0,0,0,0,0,1
50151,0,19-Dec-16,5390,"Haleyville,Alabama",35565,513.954897,0,0,0,0,0,0,0,0,1
27699,0,07-Sep-15,16856,"Cashton,Wisconsin",54619,1640.593721,0,0,0,0,0,0,0,0,0
40154,0,27-Oct-14,38672,"Morton,Pennsylvania",19070,3817.161441,1,0,0,0,0,0,0,0,1
20557,0,03-Jul-14,13567,"Ephraim,Utah",84627,1331.696252,0,0,0,0,0,0,0,0,1
53819,0,10-Dec-14,12510,"Okemos,Michigan",48864,1190.983203,0,0,0,0,0,0,0,0,0
59887,0,20-Jan-16,3505,"Bethel,New York",12720,305.4767123,0,0,0,0,0,0,0,0,1
22784,0,19-Mar-16,4222,"Cabin John,Maryland",20818,397.2241402,0,0,0,0,0,0,0,0,1
4721,1,19-Feb-13,7609,"Eunice,Missouri",65468,695.9350799,5,0,1,0,0,1,0,0,0
7472,0,23-Mar-15,14225,"Cookville,Texas",75558,1367.530198,0,0,0,0,0,0,0,0,0
54058,0,03-Aug-13,19805,"Iron Station,North Carolina",28080,1930.501342,0,0,0,0,0,0,0,0,0
43990,0,14-Jun-14,20119,"Lakeland,Florida",33802,1971.947961,0,0,0,0,0,0,0,0,1
2635,0,23-Sep-13,17943,"Avella,Pennsylvania",15312,1749.335087,1,0,0,0,0,0,0,0,0
12991,0,29-Dec-16,21804,"Pine Bluff,Arkansas",71601,2115.410931,0,0,0,0,0,0,0,0,1
32606,0,07-Dec-13,7083,"New Munster,Wisconsin",53152,668.3416119,0,0,0,0,0,0,0,0,0
18047,0,26-May-13,12272,"Wheeler,Texas",79096,1207.198768,1,0,0,0,0,0,0,0,0
29789,1,03-Sep-13,7359,"Gulfport,Mississippi",39503,700.8795149,2,1,0,0,0,0,1,0,0
44347,0,09-Jun-16,35039,"Los Alamitos,California",90721,3458.930616,0,0,0,0,0,0,0,0,1
30843,0,29-Mar-16,14958,"Oklahoma City,Oklahoma",73106,1455.793312,0,0,0,0,0,0,0,0,1
41297,0,04-Jan-16,32772,"Arlee,Montana",59821,3227.207679,0,0,0,0,0,0,0,0,1
38345,0,07-Nov-17,31855,"Syracuse,New York",13218,3130.548316,0,0,0,0,0,0,0,0,1
54994,0,03-Mar-16,37798,"Breezewood,Pennsylvania",15533,3729.811096,0,0,0,0,0,0,0,0,1
22943,0,25-Sep-15,9708,"Tipp City,Ohio",45371,920.8094141,0,0,0,0,0,0,0,0,0
15199,0,23-Aug-14,17464,"Young America,Minnesota",55551,1726.37259,0,0,0,0,0,0,0,0,1
38866,0,10-Jul-14,18936,"Dallas,Texas",75376,1848.61334,0,0,0,0,0,0,0,0,1
43253,0,23-Mar-16,16736,"Shreveport,Louisiana",71102,1653.560249,1,0,0,0,0,0,0,0,1
17361,0,01-Nov-16,5541,"Amarillo,Texas",79102,504.0757488,0,0,0,0,0,0,0,0,1
11930,0,08-Nov-14,23101,"Hillrose,Colorado",80733,2255.124242,0,0,0,0,0,0,0,0,0
19095,0,19-Feb-17,8440,"North Billerica,Massachusetts",1862,813.9552234,0,0,0,0,0,0,0,0,1
20901,0,17-Jun-17,32158,"Madison,Indiana",47250,3150.766757,0,0,0,0,0,0,0,0,1
34366,1,07-Nov-15,21564,"El Paso,Texas",88581,2106.443789,4,0,0,0,0,1,0,0,0
54311,0,12-Sep-17,14887,"High Point,North Carolina",27262,1428.698056,0,0,0,0,0,0,0,0,1
57364,0,12-May-15,2904,"Boston,Massachusetts",2114,270.3980971,0,0,0,0,0,0,0,0,0
29539,0,03-May-17,7982,"Moneta,Virginia",24121,778.1797503,0,0,0,0,0,0,0,0,1
57860,1,24-Sep-14,10426,"London,West Virginia",25126,992.5896509,3,2,1,1,0,0,0,0,1
28276,0,04-May-14,9389,"Chase,Michigan",49623,883.8738836,0,0,0,0,0,0,0,0,1
29385,0,24-Sep-17,17312,"Clinton,Alabama",35448,1686.174437,0,0,0,0,0,0,0,0,1
26780,0,02-Oct-14,15226,"Hereford,Colorado",80732,1472.600344,0,0,0,0,0,0,0,0,1
20923,0,26-Jun-15,14868,"Stamford,Nebraska",68977,1426.84521,0,0,0,0,0,0,0,0,0
55325,0,20-Feb-15,13069,"Fort Lauderdale,Florida",33324,1276.937989,0,0,0,0,0,0,0,0,0
36528,0,22-Apr-17,30186,"Boron,California",93516,2978.636785,0,0,0,0,0,0,0,0,1
17276,1,04-Mar-15,40451,"St. Louis, MO ",63105,4005.137104,3,0,0,0,0,0,1,1,0
58161,0,22-Oct-16,10960,"Emden,Illinois",62635,1050.986053,1,0,0,0,0,0,0,0,1
11031,0,11-Mar-16,14723,"Crenshaw,Mississippi",38621,1442.260913,0,0,0,0,0,0,0,0,1
49575,0,03-Aug-17,33559,"Tenino,Washington",98589,3295.894115,0,0,0,0,0,0,0,0,1
14360,1,13-May-14,15604,"Valley Park,Mississippi",39177,1515.397266,3,3,0,1,0,0,0,0,1
55953,0,13-Dec-15,23908,"Orem,Utah",84058,2350.819167,0,0,0,0,0,0,0,0,0
31233,0,24-Jul-14,17644,"Scotland,Indiana",47457,1699.440679,0,0,0,0,0,0,0,0,1
40500,0,16-Apr-14,14690,"Jacksonville,Florida",32246,1438.984668,0,0,0,0,0,0,0,0,1
49569,0,19-Jun-17,21100,"Muse,Pennsylvania",15350,2049.98245,0,0,0,0,0,0,0,0,1
54805,0,07-Jul-17,31869,"Quartzsite,Arizona",85359,3161.883283,0,0,0,0,0,0,0,0,1
17994,0,24-May-15,12011,"White Springs,Florida",32096,1146.106284,0,0,0,0,0,0,0,0,0
5203,0,25-Jan-16,29933,"New Creek,West Virginia",26743,2963.266553,0,0,0,0,0,0,0,0,1
1644,0,03-Jun-15,7611,"Erie,Pennsylvania",16541,736.1262159,0,0,0,0,0,0,0,0,0
2365,1,20-Jul-14,13872,"Carrollton, TX ",75006,1347.175487,5,0,1,0,0,1,1,1,1
28498,1,20-Mar-15,15424,"Trout,Louisiana",71371,1487.366671,2,1,0,1,0,0,0,0,0
41385,0,21-Mar-13,23486,"Ames,Iowa",50013,2323.625485,0,0,0,0,0,0,0,0,0
37156,0,03-Feb-14,14869,"East Durham,New York",12423,1431.920141,0,0,0,0,0,0,0,0,0
48253,0,20-Nov-14,38086,"Manassas,Virginia",20112,3773.61169,0,0,0,0,0,0,0,0,0
41306,1,05-Aug-13,7091,"Houston, TX",77073,689.0934333,1,0,0,0,0,0,0,1,0
31451,0,07-Jun-15,15662,"Vandalia,Illinois",62471,1546.158215,0,0,0,0,0,0,0,0,0
58566,1,25-Jan-15,7835,"Lisco,Nebraska",69148,758.4514979,0,0,1,0,0,1,1,0,0
28771,0,11-Feb-15,5597,"Pulaski,Illinois",62976,499.6522553,0,0,0,0,0,0,0,0,0
51346,0,28-Jul-16,19603,"Kearny,New Jersey",7099,1920.334572,0,0,0,0,0,0,0,0,1
14983,0,19-Dec-15,14512,"Truchas,New Mexico",87578,1421.166692,0,0,0,0,0,0,0,0,0
2117,0,09-Sep-16,17934,"Bronx,New York",10459,1773.393595,0,0,0,0,0,0,0,0,1
18960,0,17-Apr-14,39128,"Poulsbo,Washington",98370,3892.759817,0,0,0,0,0,0,0,0,1
56439,0,17-Feb-14,37259,"Seven Valleys,Pennsylvania",17360,3670.941069,0,0,0,0,0,0,0,0,0
14051,1,07-May-13,8709,"Pearisburg,Virginia",24134,815.8625934,1,2,0,1,0,0,0,0,0
39758,0,05-Mar-16,7936,"Louisville,Kentucky",40229,733.6498423,0,0,0,0,0,0,0,0,1
41201,0,28-Mar-16,22571,"Saint Paul,Minnesota",55114,2217.07604,0,0,0,0,0,0,0,0,1
57270,0,22-May-16,21808,"Sac City,Iowa",50583,2135.796703,0,0,0,0,0,0,0,0,1
40162,0,12-Oct-13,40543,"Tracy,California",95304,4029.301306,0,0,0,0,0,0,0,0,0
27766,1,28-Jan-15,28814,"Tempe, AZ ",85282,2846.415514,0,0,1,0,0,1,1,1,0
31195,0,26-Apr-15,6252,"Esmond,North Dakota",58332,565.2190281,0,0,0,0,0,0,0,0,0
23721,0,19-Apr-16,16070,"Lakeland,Florida",33804,1581.989927,0,0,0,0,0,0,0,0,1
31936,1,02-Mar-14,16184,"Arlington,Arizona",85322,1593.353734,2,0,0,0,0,1,1,0,0
35169,0,06-May-15,10548,"Columbia,Missouri",65212,999.8344274,0,0,0,0,0,0,0,0,0
30482,1,18-Nov-15,35905,"Indianola,Pennsylvania",15051,3545.499272,4,2,1,1,0,0,0,0,0
22967,0,28-Mar-13,4926,"Hanover,Michigan",49241,457.5703035,0,0,0,0,0,0,0,0,0
48521,0,27-Jul-17,29598,"Beaumont,Texas",77707,2939.814365,0,0,0,0,0,0,0,0,1
57011,0,05-Mar-14,30577,"Mccordsville,Indiana",46055,3007.67289,0,0,0,0,0,0,0,0,0
56318,0,16-Mar-14,14483,"Triumph,Illinois",61371,1393.285556,0,0,0,0,0,0,0,0,0
44678,0,25-Oct-15,5715,"Borden,Indiana",47106,531.4765509,0,0,0,0,0,0,0,0,0
10750,0,14-May-13,6720,"Edgar,Nebraska",68935,641.9657284,0,0,0,0,0,0,0,0,0
22719,0,15-Feb-14,13723,"Kempton,Illinois",60946,1342.337524,0,0,0,0,0,0,0,0,0
12381,0,17-Oct-16,16962,"Haverford,Pennsylvania",19041,1646.20753,0,0,0,0,0,0,0,0,1
48884,0,13-Oct-16,38902,"Santa Rosa,California",95406,3865.240624,0,0,0,0,0,0,0,0,1
29687,0,11-May-13,12649,"Sanford,Florida",32773,1229.949405,0,0,0,0,0,0,0,0,0
40002,1,21-Jul-15,5192,"Pierceville,Indiana",47039,489.1701372,5,0,0,1,0,0,0,0,0
29660,0,13-Apr-17,2645,"Melcroft,Pennsylvania",15462,239.5340296,0,0,0,0,0,0,0,0,1
51451,0,13-Apr-16,14088,"Hartford,Connecticut",6199,1383.79324,0,0,0,0,0,0,0,0,1
55840,1,13-Jul-13,38648,"Keyes,California",95328,3799.771586,1,2,1,0,0,0,0,0,0
17439,0,16-Jul-15,11159,"Siloam,North Carolina",27047,1065.882424,0,0,0,0,0,0,0,0,0
41706,0,24-Jan-15,3995,"Glen Richey,Pennsylvania",16837,339.5201832,0,0,0,0,0,0,0,0,0
59421,0,24-Nov-13,14018,"Paragould,Arkansas",72450,1356.77961,0,0,0,0,0,0,0,0,0
38040,0,03-Dec-15,7841,"Yonkers,New York",10710,759.0538795,0,0,0,0,0,0,0,0,0
9290,0,16-May-15,11998,"Palestine,Texas",75802,1144.763034,0,0,0,0,0,0,0,0,0
8120,0,20-Mar-15,41889,"Framingham,Massachusetts",1703,4133.896778,0,0,0,0,0,0,0,0,0
26932,0,05-Jul-17,11822,"Imperial,Nebraska",69033,1127.243634,0,0,0,0,0,0,0,0,1
22962,0,12-Jul-17,18572,"Walston,Pennsylvania",15781,1817.215757,0,0,0,0,0,0,0,0,1
14271,0,23-Jul-14,10345,"Napoleon,Ohio",43545,984.4978359,0,0,0,0,0,0,0,0,1
27559,0,26-Jun-17,5562,"Harmony,Rhode Island",2829,491.2379533,0,0,0,0,0,0,0,0,1
15776,1,12-Oct-13,9545,"Regina,Kentucky",41559,909.5426188,1,0,0,0,0,0,1,0,0
43642,0,10-Aug-14,14682,"Castell,Texas",76831,1433.229202,0,0,0,0,0,0,0,0,1
29816,0,26-Nov-13,14178,"Bayfield,Wisconsin",54814,1392.78974,0,0,0,0,0,0,0,0,0
35047,0,17-Dec-14,11140,"Coopers Plains,New York",14827,1074.041076,0,0,0,0,0,0,0,0,0
18183,0,19-Feb-14,18024,"Skaneateles Falls,New York",13153,1772.364572,0,0,0,0,0,0,0,0,0
32180,0,31-Aug-16,8557,"Saint Anne,Illinois",60964,830.7487875,0,0,0,0,0,0,0,0,1
20706,1,21-May-13,11703,"Twin Oaks,Oklahoma",74368,1145.25563,1,1,1,0,0,1,0,0,0
36786,0,01-Mar-14,36758,"Stoddard,New Hampshire",3464,3615.822639,0,0,0,0,0,0,0,0,0
46740,0,03-Jun-17,4897,"Richburg,New York",14774,449.6732251,1,0,0,0,0,0,0,0,1
40932,0,04-Sep-13,10326,"Reddick,Florida",32686,987.5571182,0,0,0,0,0,0,0,0,0
34654,0,11-Jul-15,32538,"Willow Creek,California",95573,3233.815319,0,0,0,0,0,0,0,0,0
54332,0,09-Oct-15,12335,"Marion,Ohio",43301,1208.502112,0,0,0,0,0,0,0,0,0
33871,0,12-Nov-16,5084,"Bloomington,Illinois",61701,468.4020901,0,0,0,0,0,0,0,0,1
46327,0,26-Feb-15,34200,"Stirling City,California",95978,3359.968534,0,0,0,0,0,0,0,0,0
16329,1,08-Dec-14,5037,"Smiths Station,Alabama",36877,478.6674789,4,0,0,1,0,0,0,0,0
25108,1,26-Jun-15,6150,"Mechanicstown,Ohio",44651,579.9514914,5,1,1,0,0,0,0,0,0
12565,1,19-Sep-13,22026,"Barnstead,New Hampshire",3218,2167.646427,3,2,0,1,0,0,1,0,0
27159,0,19-Feb-17,22866,"Rushville,Nebraska",69360,2251.647897,0,0,0,0,0,0,0,0,1
37165,0,05-Jan-15,14768,"Lowder,Illinois",62662,1446.810046,0,0,0,0,0,0,0,0,0
12674,0,01-Aug-17,21366,"Marquette,Michigan",49855,2076.561286,1,0,0,0,0,0,0,0,1
49238,0,05-Jun-16,19920,"Elmo,Missouri",64445,1972.00179,0,0,0,0,0,0,0,0,1
38339,0,08-Jul-14,3728,"Inverness,Florida",34452,322.7699355,0,0,0,0,0,0,0,0,1
3430,0,01-Feb-17,13623,"Ottine,Texas",78658,1332.32657,0,0,0,0,0,0,0,0,1
11466,0,23-Feb-16,22434,"Mappsville,Virginia",23407,2198.396757,0,0,0,0,0,0,0,0,1
6865,0,27-Feb-17,3301,"Washington,District of Columbia",20404,305.0883451,0,0,0,0,0,0,0,0,1
25978,0,15-Feb-17,4594,"Sandy Spring,Maryland",20860,409.4223291,0,0,0,0,0,0,0,0,1
13820,0,09-Jun-15,27946,"Palatine,Illinois",60067,2734.616285,0,0,0,0,0,0,0,0,0
45950,0,24-Sep-13,912,"Avenel,New Jersey",7001,31.21897158,0,0,0,0,0,0,0,0,0
15004,0,03-May-17,13717,"Fairfax,Minnesota",55332,1321.709901,0,0,0,0,0,0,0,0,1
36296,0,16-Sep-15,15439,"Maitland,Florida",32751,1498.908522,0,0,0,0,0,0,0,0,0
16545,0,20-Sep-13,7247,"New York,New York",10025,704.7376864,0,0,0,0,0,0,0,0,0
17157,0,16-May-14,3616,"Jackson,Mississippi",39215,326.5661676,0,0,0,0,0,0,0,0,1
33496,0,21-Aug-13,34944,"Klickitat,Washington",98628,3464.381564,0,0,0,0,0,0,0,0,0
57490,0,21-Jun-14,15098,"Elsmore,Kansas",66732,1474.77108,0,0,0,0,0,0,0,0,1
9917,0,21-Aug-16,22784,"Warm Springs,Oregon",97761,2223.383248,0,0,0,0,0,0,0,0,1
54990,0,05-May-14,7392,"Warner Robins,Georgia",31095,709.2155001,0,0,0,0,0,0,0,0,1
57790,0,06-Mar-15,3287,"Buffalo,Texas",75831,273.7338704,0,0,0,0,0,0,0,0,0
10480,0,11-Nov-16,4808,"Isaban,West Virginia",24846,445.8481784,0,0,0,0,0,0,0,0,1
44423,0,29-Jul-13,6406,"Samburg,Tennessee",38254,575.621956,0,0,0,0,0,0,0,0,0
41324,0,23-Apr-13,1564,"West Newbury,Massachusetts",1985,136.3616315,0,0,0,0,0,0,0,0,1
47638,0,25-Jun-16,21231,"Billings,Montana",59116,2078.090522,1,0,0,0,0,0,0,0,1
37325,0,25-Jan-16,21546,"Mountain View,Wyoming",82939,2099.557692,0,0,0,0,0,0,0,0,1
9509,0,19-Jul-15,17441,"Springvale,Maine",4083,1694.112489,0,0,0,0,0,0,0,0,0
11816,0,24-Jul-16,1824,"West Rutland,Vermont",5777,127.4401939,0,0,0,0,0,0,0,0,1
52439,0,23-Dec-14,37429,"Mount Wolf,Pennsylvania",17347,3697.891932,0,0,0,0,0,0,0,0,0
30350,0,25-Aug-17,3852,"Fairfield,Connecticut",6824,365.164794,0,0,0,0,0,0,0,0,1
2213,0,28-Apr-17,11113,"Charlotte,North Carolina",28218,1081.261361,0,0,0,0,0,0,0,0,1
51847,0,04-Jul-17,32570,"Big Arm,Montana",59910,3227.045672,0,0,0,0,0,0,0,0,1
44152,0,06-Apr-15,11353,"Westminster,Maryland",21157,1075.286872,0,0,0,0,0,0,0,0,0
54300,0,26-Jul-15,10421,"Shawsville,Virginia",24162,1002.093898,0,0,0,0,0,0,0,0,0
33294,0,07-Dec-13,15282,"Jupiter,Florida",33469,1498.228362,0,0,0,0,0,0,0,0,0
49448,0,20-May-14,14819,"Daleville,Indiana",47334,1441.854112,1,0,0,0,0,0,0,0,1
56928,0,30-May-17,4467,"Uniontown,Kentucky",42461,406.6929446,0,0,0,0,0,0,0,0,1
13446,0,14-Nov-13,10604,"Florence,Wisconsin",54121,1015.385348,1,0,0,0,0,0,0,0,0
53149,0,27-Jan-13,14780,"Napoleon,Indiana",47034,1457.977877,0,0,0,0,0,0,0,0,0
10687,0,17-Oct-14,7518,"Derby,Kansas",67037,716.8163404,0,0,0,0,0,0,0,0,1
7470,0,31-Oct-14,19825,"Lincoln,Texas",78948,1957.524725,0,0,0,0,0,0,0,0,1
2902,0,17-Jul-13,30659,"Staten Island,New York",10307,3025.895059,0,0,0,0,0,0,0,0,0
54701,0,08-May-17,19105,"Richmond,Virginia",23260,1885.538889,0,0,0,0,0,0,0,0,1
5147,0,05-Aug-15,8307,"Marston,Missouri",63866,790.7226059,0,0,0,0,0,0,0,0,0
49127,0,15-Jun-16,18983,"Tamworth,New Hampshire",3886,1833.270104,0,0,0,0,0,0,0,0,1
16923,0,23-Nov-13,4666,"Hanover,Massachusetts",2340,421.64657,0,0,0,0,0,0,0,0,0
21400,0,07-Jun-17,18757,"Pine Hill,Alabama",36769,1835.743996,0,0,0,0,0,0,0,0,1
29462,0,04-Sep-16,8582,"Ridgeway,Virginia",24148,793.2195668,0,0,0,0,0,0,0,0,1
19129,0,12-Aug-15,22800,"Aneta,North Dakota",58212,2235.029024,0,0,0,0,0,0,0,0,0
15042,0,14-Nov-16,14269,"New Lisbon,Wisconsin",53950,1371.945945,1,0,0,0,0,0,0,0,1
52294,0,16-Feb-17,26596,"Mount Pleasant,Iowa",52641,2619.553573,0,0,0,0,0,0,0,0,1
46859,0,25-Jan-15,16390,"Berlin,North Dakota",58415,1573.992648,0,0,0,0,0,0,0,0,0
44159,0,06-Sep-17,4771,"Evergreen Park,Illinois",60805,457.0561911,0,0,0,0,0,0,0,0,1
19081,0,21-Dec-14,5463,"Cumberland Center,Maine",4021,511.3391396,0,0,0,0,0,0,0,0,0
58001,1,30-Jun-14,6513,"River Grove,Illinois",60171,601.2650516,3,2,1,0,0,0,0,0,1
39685,0,07-Jan-17,40869,"Whittier,California",90602,4026.915491,0,0,0,0,0,0,0,0,1
36070,0,12-Nov-17,10671,"Fort Davis,Alabama",36031,1037.135935,0,0,0,0,0,0,0,0,1
16822,0,28-Apr-16,34733,"Rural Hall,North Carolina",27094,3438.349992,0,0,0,0,0,0,0,0,1
52740,0,27-Feb-14,33216,"Mooresburg,Tennessee",37811,3291.577265,0,0,0,0,0,0,0,0,0
52038,0,25-Jun-13,11824,"Double Springs,Alabama",35553,1157.429048,0,0,0,0,0,0,0,0,0
25857,0,14-Aug-17,10711,"Saint James,Maryland",21781,1016.14094,0,0,0,0,0,0,0,0,1
43241,0,28-Oct-13,10585,"Miamitown,Ohio",45041,998.5134052,0,0,0,0,0,0,0,0,0
24703,0,26-Oct-14,25664,"Buck Hill Falls,Pennsylvania",18323,2501.436859,0,0,0,0,0,0,0,0,1
2290,0,15-Mar-17,28703,"Lucedale,Mississippi",39452,2845.289467,0,0,0,0,0,0,0,0,1
4279,0,09-Apr-13,32200,"Claremont,California",91711,3164.998309,0,0,0,0,0,0,0,0,1
27451,0,26-Dec-14,9738,"Cedartown,Georgia",30125,923.8210582,0,0,0,0,0,0,0,0,0
4898,0,20-Jan-14,15515,"Minneapolis,Minnesota",55483,1531.52277,0,0,0,0,0,0,0,0,1
43479,0,21-Jan-17,13340,"Mc Bee,South Carolina",29101,1299.027137,0,0,0,0,0,0,0,0,1
9857,0,30-Sep-13,32276,"Edison,California",93220,3162.619555,0,0,0,0,0,0,0,0,0
41990,0,24-May-14,7996,"Pierre Part,Louisiana",70339,774.5528335,0,0,0,0,0,0,0,0,1
31570,1,19-Jan-13,1992,"Bowling Green,Kentucky",42102,159.1667586,1,2,0,0,0,1,0,0,0
22592,0,20-Mar-17,33756,"Salt Lake City,Utah",84108,3330.610008,0,0,0,0,0,0,0,0,1
1224,0,01-Jun-16,13459,"Hyden,Kentucky",41749,1315.878932,0,0,0,0,0,0,0,0,1
53299,0,12-Nov-17,21054,"Mc Cune,Kansas",66753,2075.417107,0,0,0,0,0,0,0,0,1
46816,0,20-Jun-15,6047,"Augusta,Kansas",67010,574.6651214,0,0,0,0,0,0,0,0,0
19414,0,16-Jan-13,14523,"Hettick,Illinois",62649,1392.270726,0,0,0,0,0,0,0,0,0
35573,0,14-Aug-17,12440,"Overland Park,Kansas",66221,1183.964007,0,0,0,0,0,0,0,0,1
41554,0,01-Mar-16,20647,"Frankenmuth,Michigan",48787,2004.732896,0,0,0,0,0,0,0,0,1
2731,0,27-Nov-16,5675,"Gunlock,Utah",84733,542.5130292,0,0,0,0,0,0,0,0,1
51793,0,19-Jan-15,40143,"Berkeley,California",94712,3949.307424,0,0,0,0,0,0,0,0,0
8555,0,31-Dec-16,7711,"Tecumseh,Kansas",66542,746.092438,0,0,0,0,0,0,0,0,1
48914,0,17-Apr-16,9183,"Flagler Beach,Florida",32136,873.296664,0,0,0,0,0,0,0,0,1
44564,0,20-Dec-14,15901,"Houston,Texas",77204,1560.105446,0,0,0,0,0,0,0,0,0
20301,0,06-Dec-15,18361,"S Coffeyville,Oklahoma",74072,1801.127142,0,0,0,0,0,0,0,0,0
6536,0,27-Nov-14,12489,"Crestwood,Kentucky",40014,1198.934685,0,0,0,0,0,0,0,0,0
49510,0,07-Apr-13,4566,"Christiansburg,Virginia",24073,391.6350921,0,0,0,0,0,0,0,0,1
9681,0,23-Jun-17,8888,"Bokeelia,Florida",33922,863.8233637,0,0,0,0,0,0,0,0,1
5896,0,20-Oct-15,5330,"Fountain,North Carolina",27829,468.0146789,0,0,0,0,0,0,0,0,0
43037,0,04-May-17,28557,"Sanderson,Florida",32087,2835.742896,0,0,0,0,0,0,0,0,1
19596,0,10-Nov-17,8435,"Hensley,Arkansas",72065,783.4952166,0,0,0,0,0,0,0,0,1
8730,0,19-Aug-13,41428,"Kearsarge,Michigan",49942,4087.762495,0,0,0,0,0,0,0,0,0
14051,0,21-Aug-15,7390,"Hochheim,Texas",77967,679.0377652,0,0,0,0,0,0,0,0,0
1942,0,25-Sep-17,33305,"Ashburn,Virginia",20148,3300.502435,0,0,0,0,0,0,0,0,1
52209,0,22-Oct-13,16576,"Melbeta,Nebraska",69355,1602.560227,0,0,0,0,0,0,0,0,0
32133,0,30-Aug-13,6435,"American Fork,Utah",84003,583.500611,0,0,0,0,0,0,0,0,0
5007,0,22-Apr-17,4616,"Vienna,Maryland",21869,406.5870163,0,0,0,0,0,0,0,0,1
54067,0,23-Dec-15,14931,"Luther,Iowa",50152,1448.058197,0,0,0,0,0,0,0,0,0
55768,0,03-Oct-14,20623,"Fort Pierce,Florida",34951,2012.302823,0,0,0,0,0,0,0,0,1
5605,0,16-Nov-15,12249,"Pleasureville,Kentucky",40057,1199.908587,0,0,0,0,0,0,0,0,0
33884,0,11-Jul-13,10105,"Plumtree,North Carolina",28664,945.4832722,0,0,0,0,0,0,0,0,0
49189,0,24-Apr-13,10264,"Athens,Georgia",30606,966.398579,0,0,0,0,0,0,0,0,1
5351,0,31-Oct-14,16048,"Bridgewater,Massachusetts",2325,1539.774169,0,0,0,0,0,0,0,0,1
35180,0,15-Feb-17,3163,"Greensboro,North Carolina",27429,271.2778793,0,0,0,0,0,0,0,0,1
39861,0,16-Dec-16,16839,"Mackinaw,Illinois",61755,1638.866393,0,0,0,0,0,0,0,0,1
53716,0,19-Oct-13,10859,"Normantown,West Virginia",25267,1045.879566,0,0,0,0,0,0,0,0,0
59519,0,10-Jun-13,16107,"Huntington,West Virginia",25770,1560.653911,0,0,0,0,0,0,0,0,0
58625,0,01-Dec-16,7893,"Elbert,West Virginia",24830,764.2808604,0,0,0,0,0,0,0,0,1
38521,0,06-Dec-13,10881,"Manton,Michigan",49663,1053.091461,0,0,0,0,0,0,0,0,0
18036,0,04-Feb-14,6172,"Linwood,Massachusetts",1525,572.1737951,0,0,0,0,0,0,0,0,0
25246,0,09-Apr-15,5911,"Louisville,Kentucky",40209,551.083403,0,0,0,0,0,0,0,0,0
52856,0,30-Jun-16,9765,"Satsuma,Alabama",36572,936.5120266,0,0,0,0,0,0,0,0,1
14425,0,25-Sep-13,14618,"Richmond,Virginia",23250,1441.768701,0,0,0,0,0,0,0,0,0
42130,0,26-Feb-17,6689,"Grand Rapids,Michigan",49599,648.9104165,0,0,0,0,0,0,0,0,1
28386,0,16-Jan-17,10814,"Memphis,Tennessee",38150,1051.415191,0,0,0,0,0,0,0,0,1
42297,0,04-May-16,15261,"Violet Hill,Arkansas",72584,1471.101692,0,0,0,0,0,0,0,0,1
48703,0,07-Oct-14,15129,"Denver,Colorado",80217,1492.868443,0,0,0,0,0,0,0,0,1
2970,0,04-Jul-14,11511,"Augusta,Georgia",30905,1086.105468,0,0,0,0,0,0,0,0,1
38382,0,24-Oct-13,9104,"Omaha,Nebraska",68180,865.435037,0,0,0,0,0,0,0,0,0
35095,0,25-Aug-15,16700,"Norfolk,Connecticut",6058,1644.968782,0,0,0,0,0,0,0,0,0
52837,0,17-Sep-16,2829,"Portsmouth,New Hampshire",3801,227.9488574,0,0,0,0,0,0,0,0,1
18455,0,12-Jan-16,9139,"Ireland,Indiana",47545,878.9422025,0,0,0,0,0,0,0,0,1
52580,0,08-Jul-16,9761,"Skull Valley,Arizona",86338,926.0737949,0,0,0,0,0,0,0,0,1
23340,0,03-Mar-17,18687,"Monroe,Louisiana",71207,1828.722576,0,0,0,0,0,0,0,0,1
18990,0,10-Jul-16,10949,"Bruceton,Tennessee",38317,1074.873751,0,0,0,0,0,0,0,0,1
38282,0,03-Jul-15,35687,"Mount Pleasant,South Carolina",29464,3513.742381,0,0,0,0,0,0,0,0,0
50519,0,13-Jul-16,40283,"Imlaystown,New Jersey",8526,3963.256356,0,0,0,0,0,0,0,0,1
58229,0,27-Oct-13,13163,"Woodbine,Kentucky",40771,1271.310744,0,0,0,0,0,0,0,0,0
40280,0,17-Feb-16,20986,"East Millinocket,Maine",4430,2063.647292,0,0,0,0,0,0,0,0,1
27986,0,03-Dec-15,9759,"Nason,Illinois",62866,920.9177837,0,0,0,0,0,0,0,0,0
50704,0,14-Dec-16,14927,"Bloomsdale,Missouri",63627,1467.66225,0,0,0,0,0,0,0,0,1
19226,0,25-Jun-15,22989,"Potter,Nebraska",69156,2273.923169,0,0,0,0,0,0,0,0,0
44800,0,02-Sep-17,3162,"Providence,Kentucky",42450,281.2438993,0,0,0,0,0,0,0,0,1
10224,0,17-Apr-16,27939,"Tofte,Minnesota",55615,2763.899557,0,0,0,0,0,0,0,0,1
36029,0,20-Jan-15,2717,"Little River,Kansas",67457,231.6535108,0,0,0,0,0,0,0,0,0
42546,0,12-Dec-13,38677,"Kelly,North Carolina",28448,3837.667283,0,0,0,0,0,0,0,0,0
3665,1,23-Jul-14,25149,"Mechanicville,New York",12118,2454.893795,4,0,1,1,0,0,1,0,1
8962,0,01-Feb-14,35434,"New York,New York",10172,3483.353333,0,0,0,0,0,0,0,0,0
56546,1,07-Jan-14,19716,"Houston,Texas",77030,1921.639493,2,0,0,0,0,1,0,0,1
50462,0,25-Apr-13,38653,"Lehigh Valley,Pennsylvania",18001,3840.341537,0,0,0,0,0,0,0,0,1
56836,0,25-Feb-16,7520,"Whitney,Pennsylvania",15693,711.9685666,0,0,0,0,0,0,0,0,1
15826,0,28-Nov-15,5230,"Kingman,Maine",4451,473.0342686,0,0,0,0,0,0,0,0,0
36150,1,15-Dec-14,12625,"Cannon Ball,North Dakota",58528,1217.461531,2,0,1,1,0,0,1,0,0
13932,0,17-Jun-17,61803,"Lawai,Hawaii",96765,6145.281667,0,0,0,0,0,0,0,0,1
14289,0,04-Feb-13,32208,"Moatsville,West Virginia",26405,3180.783419,0,0,0,0,0,0,0,0,0
28918,0,15-May-13,33529,"East Machias,Maine",4630,3307.902413,0,0,0,0,0,0,0,0,0
8695,0,19-Jan-14,30453,"Bunker Hill,Indiana",46914,3015.344853,0,0,0,0,0,0,0,0,1
10705,0,03-Sep-14,12078,"Gotebo,Oklahoma",73041,1157.801299,0,0,0,0,0,0,0,0,1
4552,0,24-Jan-14,12769,"Spring Garden,Alabama",36275,1216.876325,0,0,0,0,0,0,0,0,1
39660,0,24-Nov-17,34725,"Kittanning,Pennsylvania",16201,3447.463121,0,0,0,0,0,0,0,0,1
14257,0,28-Oct-16,2526,"Lehigh Valley,Pennsylvania",18003,197.5836011,0,0,0,0,0,0,0,0,1
23583,0,31-Jul-14,38659,"Cherry Hill,New Jersey",8003,3825.882952,0,0,0,0,0,0,0,0,1
55510,0,04-Jan-17,11795,"Williamsburg,Iowa",52361,1134.492129,0,0,0,0,0,0,0,0,1
9553,0,13-Jan-16,35487,"Boise,Idaho",83729,3498.707649,0,0,0,0,0,0,0,0,1
24494,0,14-May-15,9564,"Elsberry,Missouri",63343,896.3778684,0,0,0,0,0,0,0,0,0
1719,0,30-Sep-13,1247,"Darlington,Maryland",21034,104.6519748,0,0,0,0,0,0,0,0,0
17654,0,07-Aug-15,14562,"Labelle,Florida",33975,1406.171139,0,0,0,0,0,0,0,0,0
44833,0,13-Sep-15,11049,"Cologne,New Jersey",8213,1069.915257,0,0,0,0,0,0,0,0,0
16573,0,27-Jan-14,12556,"Wilmington,Delaware",19896,1205.567282,0,0,0,0,0,0,0,0,1
2496,0,14-Mar-14,15245,"Lakeland,Florida",33802,1474.523178,0,0,0,0,0,0,0,0,0
45929,0,10-Aug-14,4766,"Deer Isle,Maine",4627,416.558864,0,0,0,0,0,0,0,0,1
26856,0,17-Jan-16,29332,"Ogdensburg,New York",13669,2868.192825,0,0,0,0,0,0,0,0,1
57537,0,22-Feb-17,9395,"Carrollton,Georgia",30119,914.4608096,0,0,0,0,0,0,0,0,1
10142,0,20-Aug-13,18278,"Pierson,Florida",32180,1782.797343,0,0,0,0,0,0,0,0,0
10055,0,08-Feb-14,24481,"Seymour,Wisconsin",54165,2383.146895,0,0,0,0,0,0,0,0,0
29220,0,19-Jul-16,18187,"Richmond,Virginia",23173,1758.654325,0,0,0,0,0,0,0,0,1
45642,0,08-Feb-15,11644,"De Pere,Wisconsin",54115,1099.365828,0,0,0,0,0,0,0,0,0
23900,0,21-Oct-16,9342,"Macon,Georgia",31294,904.1724106,0,0,0,0,0,0,0,0,1
44656,0,11-Sep-15,10415,"Caseyville,Illinois",62232,996.4924661,0,0,0,0,0,0,0,0,0
40670,0,27-Sep-17,17337,"Rexford,Kansas",67753,1668.665783,0,0,0,0,0,0,0,0,1
57694,0,23-Dec-15,65019,"Captain Cook,Hawaii",96704,6451.918204,0,0,0,0,0,0,0,0,0
6654,0,21-Feb-17,38465,"Huntingdon Valley,Pennsylvania",19006,3806.508772,0,0,0,0,0,0,0,0,1
16166,0,07-Jul-16,9168,"Rochester,New York",14644,871.8258629,0,0,0,0,0,0,0,0,1
14716,1,28-Sep-14,12730,"Miami, FL ",33172,1242.994826,1,1,0,0,0,1,0,1,1
32794,0,16-Nov-14,18841,"May,Texas",76857,1849.107566,0,0,0,0,0,0,0,0,0
25174,0,22-Jan-14,30121,"Benton,Tennessee",37307,2987.117265,0,0,0,0,0,0,0,0,1
59486,0,02-Oct-16,11738,"Oracle,Arizona",85623,1118.781999,0,0,0,0,0,0,0,0,1
34443,0,12-Jan-13,5852,"Amboy,Minnesota",56010,530.1887219,0,0,0,0,0,0,0,0,0
35256,0,28-Jul-13,14863,"Mc Neill,Mississippi",39457,1441.254786,0,0,0,0,0,0,0,0,0
5184,0,23-Apr-15,34852,"Hondo,New Mexico",88336,3440.212016,0,0,0,0,0,0,0,0,0
42875,0,25-Sep-16,16204,"Santa Maria,California",93456,1570.351456,0,0,0,0,0,0,0,0,1
11067,0,05-Jun-16,31982,"Bardstown,Kentucky",40004,3133.232873,0,0,0,0,0,0,0,0,1
24358,0,08-Jun-17,8523,"Holloman Air Force Base,New Mexico",88330,827.3103884,0,0,0,0,0,0,0,0,1
18905,0,05-Dec-15,17060,"Harviell,Missouri",63945,1666.0024,0,0,0,0,0,0,0,0,0
11920,0,24-Mar-15,5458,"Cory,Colorado",81414,510.7577756,0,0,0,0,0,0,0,0,0
16552,0,19-Feb-17,18161,"Payson,Arizona",85547,1756.120054,0,0,0,0,0,0,0,0,1
25433,0,22-Mar-16,15279,"Danville,Maine",4223,1502.925084,0,0,0,0,0,0,0,0,1
40632,0,03-Apr-14,19579,"Patterson,New York",12563,1892.893751,0,0,0,0,0,0,0,0,1
40722,0,25-Dec-13,11526,"Minneapolis,North Carolina",28652,1107.553203,0,0,0,0,0,0,0,0,0
6362,0,17-Dec-16,17517,"Oden,Arkansas",71966,1691.713812,0,0,0,0,0,0,0,0,1
50019,0,21-Mar-17,3450,"Cincinnati,Ohio",45236,320.0273601,0,0,0,0,0,0,0,0,1
53549,0,26-May-17,4369,"Dudley,North Carolina",28333,381.8575472,0,0,0,0,0,0,0,0,1
52399,0,16-Jul-15,1984,"Gilbert,Arizona",85299,138.3920104,0,0,0,0,0,0,0,0,0
34543,0,14-Jun-16,22553,"Moore Haven,Florida",33471,2220.331307,0,0,0,0,0,0,0,0,1
11136,0,15-Feb-13,7701,"Stillman Valley,Illinois",61084,710.0870966,0,0,0,0,0,0,0,0,0
47044,1,21-Aug-15,11853,"Birmingham, AL ",35203,1150.338128,5,1,1,0,0,1,0,1,0
45360,0,10-Jul-15,24497,"Glendale,California",91226,2404.703283,0,0,0,0,0,0,0,0,0
7007,0,15-Nov-16,10979,"Merritt,Michigan",49667,1037.948748,0,0,0,0,0,0,0,0,1
33693,0,22-May-16,26665,"San Antonio,Texas",78243,2641.540421,0,0,0,0,0,0,0,0,1
31722,0,10-Feb-13,34807,"East Orange,New Jersey",7017,3430.691856,0,0,0,0,0,0,0,0,0
19725,0,17-Dec-15,7489,"Greensburg,Indiana",47240,723.90469,0,0,0,0,0,0,0,0,0
31001,1,22-May-13,6808,"Grove City, OH ",43123,645.8188122,0,0,1,0,0,0,1,1,0
26362,0,25-Sep-14,21549,"Euclid,Minnesota",56722,2129.916916,0,0,0,0,0,0,0,0,1
13605,0,19-Nov-15,9470,"Hornbeck,Louisiana",71439,886.9915649,0,0,0,0,0,0,0,0,0
6088,0,14-Feb-15,23225,"Tulare,California",93275,2287.547948,0,0,0,0,0,0,0,0,0
44774,1,19-Mar-13,10397,"Ann Arbor, MI",48108,974.715511,0,1,1,0,0,1,0,1,0
12220,0,06-Jan-17,2226,"Ashland City,Tennessee",37015,162.612881,0,0,0,0,0,0,0,0,1
28244,0,03-Mar-13,1118,"Long Beach,California",90899,61.77824212,0,0,0,0,0,0,0,0,0
6105,1,31-May-15,16717,"Elmira,New York",14902,1606.726583,2,1,0,0,0,1,1,0,0
17062,0,31-Aug-16,18825,"Port Deposit,Maryland",21904,1862.525835,0,0,0,0,0,0,0,0,1
7306,0,17-Nov-16,18823,"Bucksport,Maine",4416,1842.341615,0,0,0,0,0,0,0,0,1
48396,0,25-Nov-17,16052,"Woodside,New York",11377,1570.170317,0,0,0,0,0,0,0,0,1
53204,1,05-Feb-14,11009,"Apex,North Carolina",27539,1055.91422,4,1,0,0,0,1,0,0,0
8255,0,14-Aug-17,36246,"Howard,Georgia",31039,3579.573319,0,0,0,0,0,0,0,0,1
49485,0,18-Aug-17,4708,"Memphis,Tennessee",38122,410.7997471,0,0,0,0,0,0,0,0,1
29620,0,04-Nov-15,23723,"Gulfport,Mississippi",39501,2352.34657,0,0,0,0,0,0,0,0,0
39485,0,04-Jan-15,4498,"Glendale,Arizona",85318,399.8488562,0,0,0,0,0,0,0,0,0
7235,0,14-Jul-16,16245,"Coolidge,Georgia",31738,1569.547985,0,0,0,0,0,0,0,0,1
3087,0,13-Dec-16,19228,"Cashton,Wisconsin",54619,1892.843202,0,0,0,0,0,0,0,0,1
24687,0,05-Mar-16,14474,"Lake Panasoffkee,Florida",33538,1422.386134,0,0,0,0,0,0,0,0,1
56198,0,30-Mar-17,39571,"Three Rivers, Massachusetts",1080,3917.103321,0,0,0,0,0,0,0,0,1
15672,0,02-Feb-16,8284,"Monticello,Indiana",47960,783.3724366,0,0,0,0,0,0,0,0,1
8676,0,20-Nov-14,9220,"Meadow Bridge,West Virginia",25976,896.9869003,0,0,0,0,0,0,0,0,0
20671,0,01-Mar-14,26451,"Ilfeld,New Mexico",87538,2605.101345,0,0,0,0,0,0,0,0,0
35270,0,30-Jun-16,9640,"Pioneer,Tennessee",37847,919.0339706,0,0,0,0,0,0,0,0,1
17915,1,14-Jan-15,14845,"Mount Eaton,Ohio",44659,1454.514313,3,1,1,1,0,0,1,0,0
56511,1,15-May-14,3043,"Arkoma,Oklahoma",74901,239.2881913,2,0,0,0,0,1,0,0,1
9151,0,26-Apr-13,28042,"Matthews,Missouri",63867,2769.196331,0,0,0,0,0,0,0,0,1
12134,0,29-Sep-17,6863,"Poquoson,Virginia",23662,636.2940738,0,0,0,0,0,0,0,0,1
47451,0,15-Nov-16,13503,"Watertown,Tennessee",37184,1320.318978,0,0,0,0,0,0,0,0,1
12569,0,21-Sep-17,22903,"Newport,Nebraska",68759,2235.257437,0,0,0,0,0,0,0,0,1
39744,0,21-Jun-13,4837,"Asotin,Washington",99402,433.7271977,0,0,0,0,0,0,0,0,0
36184,0,17-Feb-13,38916,"Mountain View,California",94041,3856.599501,0,0,0,0,0,0,0,0,0
44452,0,17-Jun-14,5796,"Dibble,Oklahoma",73031,539.6114245,0,0,0,0,0,0,0,0,1
45891,0,29-Nov-15,33503,"Philo,Ohio",43771,3300.274392,0,0,0,0,0,0,0,0,0
19231,0,18-Mar-15,20544,"Miami,Florida",33132,2024.445137,0,0,0,0,0,0,0,0,0
39520,0,03-May-14,10508,"Green Sulphur Springs,West Virginia",25966,1010.80304,0,0,0,0,0,0,0,0,1
52939,0,13-Sep-13,10989,"Amarillo,Texas",79120,1038.850225,0,0,0,0,0,0,0,0,0
56456,1,21-Mar-13,12177,"Providence,Utah",84332,1157.658395,5,0,0,0,0,1,1,0,0
23135,0,03-Mar-17,12557,"Mount Shasta,California",96067,1210.660492,0,0,0,0,0,0,0,0,1
7076,0,28-Jan-17,14099,"Lopeno,Texas",78564,1369.852178,0,0,0,0,0,0,0,0,1
41193,0,03-Jan-17,1104,"Peoria,Illinois",61625,55.42456888,0,0,0,0,0,0,0,0,1
7620,0,23-Nov-13,21077,"Bethel,Maine",4217,2052.698277,0,0,0,0,0,0,0,0,0
55325,0,26-Oct-15,24020,"Cambridge,Maryland",21613,2351.965984,0,0,0,0,0,0,0,0,0
30631,0,16-Apr-13,13411,"Athens,Alabama",35612,1291.10951,0,0,0,0,0,0,0,0,1
2148,0,06-Nov-16,3003,"Bruceville,Texas",76630,250.333131,0,0,0,0,0,0,0,0,1
18110,1,19-Apr-15,13861,"Gibson City,Illinois",60936,1346.149111,1,0,0,0,0,1,0,0,0
34182,0,09-Nov-17,23352,"Ingomar,Montana",59039,2290.16962,0,0,0,0,0,0,0,0,1
41384,0,13-Oct-16,12013,"Putnam,Illinois",61560,1166.273844,0,0,0,0,0,0,0,0,1
13201,0,20-Sep-16,7893,"Detroit,Michigan",48268,734.2661483,0,0,0,0,0,0,0,0,1
4759,0,29-Aug-13,3892,"Oak Forest,Illinois",60452,354.1868056,0,0,0,0,0,0,0,0,0
49559,0,26-Aug-15,15727,"West Salem,Ohio",44287,1532.730207,0,0,0,0,0,0,0,0,0
17585,0,30-Oct-13,34977,"Warner Robins,Georgia",31095,3467.738344,0,0,0,0,0,0,0,0,0
53995,0,20-Oct-13,28880,"Centralia,Washington",98531,2832.985741,0,0,0,0,0,0,0,0,0
52985,1,17-Oct-15,24160,"Moreno Valley,California",92554,2360.969852,0,0,1,1,0,0,0,0,0
41736,0,02-Feb-14,14085,"Home,Kansas",66438,1343.459175,0,0,0,0,0,0,0,0,0
42378,0,01-Sep-13,40123,"Gainesville,Florida",32614,3982.261154,0,0,0,0,0,0,0,0,0
15756,1,27-Mar-15,18819,"Lyndon,Vermont",5849,1856.932041,2,1,1,0,0,0,1,0,0
36724,0,26-Aug-14,2239,"Saltillo,Pennsylvania",17253,188.9232622,0,0,0,0,0,0,0,0,1
42303,0,22-Feb-17,16572,"Davey,Nebraska",68336,1592.235581,0,0,0,0,0,0,0,0,1
20083,0,21-Sep-15,12557,"Empire,Colorado",80438,1225.712273,0,0,0,0,0,0,0,0,0
14892,0,19-Apr-16,11727,"Fish Creek,Wisconsin",54212,1117.722288,0,0,0,0,0,0,0,0,1
50380,0,16-Mar-17,7976,"Nutley,New Jersey",7110,732.5791555,0,0,0,0,0,0,0,0,1
42557,1,09-Jun-15,14426,"Atoka,Tennessee",38004,1422.608132,2,0,1,0,0,0,0,0,0
17674,0,27-Sep-16,2463,"Loretto,Kentucky",40037,226.330349,0,0,0,0,0,0,0,0,1
25633,1,03-Dec-15,6989,"Mount Savage,Maryland",21545,638.8587898,0,0,1,0,1,1,1,0,0
56194,0,16-Oct-13,35058,"Mineral Wells,West Virginia",26121,3460.754135,0,0,0,0,0,0,0,0,0
50981,0,14-Jun-14,2413,"Gracey,Kentucky",42232,221.2593739,0,0,0,0,0,0,0,0,1
46173,0,29-Sep-15,22170,"San Mateo,California",94403,2162.049886,0,0,0,0,0,0,0,0,0
50023,0,10-Nov-14,23039,"Galvin,Washington",98544,2278.888849,0,0,0,0,0,0,0,0,0
52851,0,02-Feb-15,12982,"Jackson,Mississippi",39210,1238.154329,0,0,0,0,0,0,0,0,0
17553,0,19-Feb-17,12305,"Quinnesec,Michigan",49876,1185.526893,0,0,0,0,0,0,0,0,1
6053,0,27-Jul-15,32793,"Willard,Ohio",44890,3234.263653,0,0,0,0,0,0,0,0,0
24347,0,29-Sep-13,44383,"Albuquerque,New Mexico",87116,4413.343109,0,0,0,0,0,0,0,0,0
3222,0,18-Jan-16,14518,"Olney,Maryland",20832,1386.812393,0,0,0,0,0,0,0,0,1
28573,0,02-Apr-17,33615,"Cleveland,Georgia",30528,3341.489482,0,0,0,0,0,0,0,0,1
30244,0,19-May-16,16688,"Evans,Georgia",30809,1648.778022,0,0,0,0,0,0,0,0,1
36641,0,09-Nov-14,6173,"Conroe,Texas",77301,577.3429141,0,0,0,0,0,0,0,0,0
21283,1,26-Feb-14,10874,"New Hampton,Iowa",50659,1062.41012,0,1,0,1,1,0,0,0,0
47389,0,17-Dec-16,13683,"Fitzwilliam,New Hampshire",3447,1338.250628,0,0,0,0,0,0,0,0,1
35861,0,22-Jun-15,8444,"West Mifflin,Pennsylvania",15122,784.439345,0,0,0,0,0,0,0,0,0
17028,0,22-May-16,1284,"Stayton,Oregon",97383,108.3727427,0,0,0,0,0,0,0,0,1
5675,0,14-Apr-17,6134,"New Hope,Alabama",35760,588.4483426,0,0,0,0,0,0,0,0,1
7175,1,27-Jan-14,8096,"New Lebanon,New York",12125,789.5700841,3,0,0,0,1,1,1,0,1
32259,0,08-Nov-13,41827,"Carmel By The Sea,California",93921,4137.735498,0,0,0,0,0,0,0,0,0
56297,1,26-Mar-15,17840,"Bradenton,Florida",34209,1758.954205,4,0,0,1,1,0,0,0,0
29449,0,26-Jul-13,13361,"Des Moines,Iowa",50330,1271.121048,0,0,0,0,0,0,0,0,0
5942,0,09-Jun-16,14788,"Clark,Pennsylvania",16113,1443.845203,0,0,0,0,0,0,0,0,1
5392,0,05-May-16,5889,"Duncan,Mississippi",38740,523.8739192,0,0,0,0,0,0,0,0,1
45750,0,30-Jan-15,21676,"Matthews,North Carolina",28104,2137.621149,0,0,0,0,0,0,0,0,0
55396,0,28-Mar-16,41395,"San Diego,California",92172,4109.498242,0,0,0,0,0,0,0,0,1
56010,1,04-Jul-15,17980,"Bonnots Mill,Missouri",65016,1748.044345,1,1,0,0,0,1,1,0,0
19680,1,02-Sep-14,11748,"Lettsworth,Louisiana",70753,1124.843578,2,0,0,0,0,0,0,0,1
45593,0,04-Sep-17,18004,"Enning,South Dakota",57737,1745.403695,0,0,0,0,0,0,0,0,1
15196,0,21-May-17,38067,"Fort Klamath,Oregon",97626,3746.738756,0,0,0,0,0,0,0,0,1
45625,0,24-Apr-16,25525,"Casper,Wyoming",82605,2522.504049,0,0,0,0,0,0,0,0,1
25048,0,01-Nov-15,23780,"Austin,Texas",78726,2342.969184,0,0,0,0,0,0,0,0,0
14760,0,29-May-15,23798,"Hurtsboro,Alabama",36860,2344.795066,0,0,0,0,0,0,0,0,0
8946,0,18-Nov-14,27827,"Greenwood,South Carolina",29647,2757.712,0,0,0,0,0,0,0,0,0
37444,0,04-May-14,5874,"National Park,New Jersey",8063,532.390048,0,0,0,0,0,0,0,0,1
53762,0,31-Oct-16,12861,"Rehrersburg,Pennsylvania",19550,1231.145643,0,0,0,0,0,0,0,0,1
19295,0,28-Jun-14,5086,"Alfred Station,New York",14803,448.6280844,0,0,0,0,0,0,0,0,1
22908,0,15-Mar-14,5567,"Mcalester,Oklahoma",74502,521.7070979,0,0,0,0,0,0,0,0,0
1132,0,19-Jun-15,3797,"Sturgeon,Pennsylvania",15082,329.6978024,0,0,0,0,0,0,0,0,0
36704,0,03-Nov-13,1562,"Barnard,Vermont",5031,121.2460919,0,0,0,0,0,0,0,0,0
32681,0,30-Aug-15,10157,"Springfield,Illinois",62719,990.7336022,0,0,0,0,0,0,0,0,0
25225,0,26-Jan-17,39431,"Whittier,California",90601,3883.07956,0,0,0,0,0,0,0,0,1
26400,0,12-May-17,13205,"Big Rock,Illinois",60511,1280.518202,0,0,0,0,0,0,0,0,1
15800,0,28-Apr-14,11377,"Tulsa,Oklahoma",74129,1087.656227,0,0,0,0,0,0,0,0,1
2800,0,23-Aug-15,2984,"New Salem,Pennsylvania",15468,268.3855202,0,0,0,0,0,0,0,0,0
15185,0,20-Nov-16,29057,"Chicago,Illinois",60666,2880.71677,0,0,0,0,0,0,0,0,1
1454,0,26-May-14,19139,"Nodaway,Iowa",50857,1848.887991,0,0,0,0,0,0,0,0,1
2392,0,02-Oct-17,37057,"Driftwood,Pennsylvania",15832,3645.717183,0,0,0,0,0,0,0,0,1
5387,0,16-Mar-15,4980,"La Puente,California",91749,447.9884613,0,0,0,0,0,0,0,0,0
4267,0,13-Feb-14,18697,"Boston, Massachusetts",2113,1829.698425,0,0,0,0,0,0,0,0,0
16112,0,23-Nov-13,22111,"Marco Island,Florida",34145,2181.116592,0,0,0,0,0,0,0,0,0
14594,0,30-Jul-17,16655,"Raymond,Illinois",62560,1620.466531,0,0,0,0,0,0,0,0,1
39678,0,07-Jul-14,9862,"Inlet,New York",13360,941.1819593,0,0,0,0,0,0,0,0,1
46044,0,04-Mar-14,10305,"Harrietta,Michigan",49638,975.5395616,0,0,0,0,0,0,0,0,0
46694,0,19-Mar-17,4968,"Cicero,New York",13039,471.8468439,0,0,0,0,0,0,0,0,1
1678,0,13-Sep-14,18778,"Silver City,New Mexico",88061,1832.781021,0,0,0,0,0,0,0,0,1
55332,0,28-Oct-16,33910,"Los Angeles,California",90032,3326.001857,0,0,0,0,0,0,0,0,1
3695,0,22-Apr-16,5242,"River Grove,Illinois",60171,464.1796545,0,0,0,0,0,0,0,0,1
3144,1,21-Oct-14,27403,"Delray Beach,Florida",33483,2710.276951,5,2,0,0,0,1,0,0,1
47477,0,16-Feb-15,15484,"Forestport,New York",13338,1503.443096,0,0,0,0,0,0,0,0,0
48013,0,14-Apr-17,92261,"Odessa,Washington",99159,9191.058795,0,0,0,0,0,0,0,0,1
28197,0,03-Jul-14,6558,"Arthur,Iowa",51431,615.8429615,0,0,0,0,0,0,0,0,1
15956,0,09-Nov-14,6695,"Bandy,Virginia",24602,634.5194124,0,0,0,0,0,0,0,0,0
14936,1,08-Jul-14,11974,"Lake Ann,Michigan",49650,1177.374891,2,0,1,1,0,0,0,0,1
28821,0,04-Feb-17,13531,"Franklin,Georgia",30217,1313.104481,0,0,0,0,0,0,0,0,1
2777,0,16-Nov-17,25599,"Lynden,Washington",98264,2529.887536,0,0,0,0,0,0,0,0,1
1450,0,11-Nov-17,15670,"Middle River,Maryland",21220,1512.000735,0,0,0,0,0,0,0,0,1
46446,0,01-May-17,1329,"Endicott,New York",13760,87.85176715,0,0,0,0,0,0,0,0,1
39569,0,08-Nov-15,11876,"El Paso,Texas",88539,1122.596159,0,0,0,0,0,0,0,0,0
6007,0,10-Nov-14,28018,"Sugar Land,Texas",77478,2761.832552,0,0,0,0,0,0,0,0,0
19205,1,17-Oct-15,28841,"San Diego,California",92182,2829.141718,5,0,0,0,0,1,0,0,0
38275,0,15-Jun-17,16909,"Milbridge,Maine",4658,1630.942787,0,0,0,0,0,0,0,0,1
51170,0,24-Jun-14,9676,"Nisland,South Dakota",57762,902.5617448,0,0,0,0,0,0,0,0,1
8804,0,07-Oct-17,19268,"Roosevelt,Arizona",85545,1891.751126,0,0,0,0,0,0,0,0,1
38917,0,30-Aug-13,21043,"Dundas,Virginia",23938,2064.318627,0,0,0,0,0,0,0,0,0
50060,0,26-Apr-15,28707,"Coleville,California",96107,2825.699536,0,0,0,0,0,0,0,0,0
58683,0,22-May-15,27643,"Las Vegas,Nevada",89170,2739.302993,0,0,0,0,0,0,0,0,0
38988,0,05-Feb-17,5992,"South Tamworth,New Hampshire",3883,569.2418937,0,0,0,0,0,0,0,0,1
13968,0,05-Aug-14,4855,"Danforth,Illinois",60930,445.5047277,0,0,0,0,0,0,0,0,1
7425,0,27-Dec-15,21456,"Springfield,Illinois",62706,2095.643351,0,0,0,0,0,0,0,0,0
56403,0,09-Jan-15,4542,"Janesville,Wisconsin",53546,424.1897539,0,0,0,0,0,0,0,0,0
53958,0,16-Jul-17,19831,"Minot,Massachusetts",2055,1963.072196,0,0,0,0,0,0,0,0,1
7238,0,25-Oct-13,14977,"Slaughter,Louisiana",70777,1432.651481,0,0,0,0,0,0,0,0,0
44282,0,19-May-14,23050,"Lubbock,Texas",79408,2254.955747,0,0,0,0,0,0,0,0,1
6881,0,23-Aug-14,13285,"Stapleton,Nebraska",69163,1273.457257,0,0,0,0,0,0,0,0,1
47923,0,06-May-17,11455,"Springfield,Illinois",62761,1080.512085,0,0,0,0,0,0,0,0,1
13144,0,29-Jan-13,26242,"Rochester,New York",14616,2569.152147,0,0,0,0,0,0,0,0,0
24602,1,15-Jan-15,3551,"Bolt,West Virginia",25817,330.1359245,4,1,0,0,1,0,0,0,0
40448,0,15-Jul-17,11617,"Odell,Nebraska",68415,1141.668496,0,0,0,0,0,0,0,0,1
19585,0,30-Jan-15,16844,"Muskegon,Michigan",49445,1634.430629,0,0,0,0,0,0,0,0,0
16071,0,30-Jun-17,19071,"Dagmar,Montana",59219,1887.129778,0,0,0,0,0,0,0,0,1
8058,0,20-Oct-14,10194,"Augusta,Georgia",30999,994.3564438,0,0,0,0,0,0,0,0,1
17396,0,02-Nov-14,3421,"Columbia,South Carolina",29240,297.1366935,0,0,0,0,0,0,0,0,0
24511,0,01-May-17,16631,"Crivitz,Wisconsin",54114,1608.129464,0,0,0,0,0,0,0,0,1
42630,0,14-Mar-15,10429,"Stone Mountain,Georgia",30083,977.9359647,0,0,0,0,0,0,0,0,0
23006,0,29-Apr-16,39835,"Birch Harbor,Maine",4613,3958.480679,0,0,0,0,0,0,0,0,1
7851,0,06-Nov-13,8334,"Fisher,Illinois",61843,783.3572596,0,0,0,0,0,0,0,0,0
44713,0,02-Mar-14,12415,"Teton Village,Wyoming",83025,1201.495551,0,0,0,0,0,0,0,0,0
41431,0,13-May-13,6772,"Gratis,Ohio",45330,637.1617923,0,0,0,0,0,0,0,0,0
41185,0,28-Jun-15,5512,"Boyers,Pennsylvania",16016,511.2455472,0,0,0,0,0,0,0,0,0
46526,0,15-Jan-16,12258,"Crowley,Louisiana",70526,1165.762914,0,0,0,0,0,0,0,0,1
43792,0,07-Apr-13,9604,"Slidell,Louisiana",70459,900.3830855,0,0,0,0,0,0,0,0,1
29859,1,28-Sep-15,13707,"Valley Stream, NY",11580,1315.702041,5,0,0,1,1,0,0,1,0
6986,0,16-Mar-15,42618,"Nicholasville,Kentucky",40340,4211.832042,0,0,0,0,0,0,0,0,0
36366,0,09-Apr-13,16954,"Port Barre,Louisiana",70577,1630.399752,0,0,0,0,0,0,0,0,1
14070,0,20-May-14,40892,"New Almaden,California",95042,4029.209018,0,0,0,0,0,0,0,0,1
30933,0,05-Mar-16,24744,"Cedar Key,Florida",32625,2424.397238,0,0,0,0,0,0,0,0,1
22055,0,11-Aug-13,7278,"Kouts,Indiana",46347,682.7575508,0,0,0,0,0,0,0,0,0
55216,0,29-Oct-13,14942,"Columbia,South Carolina",29215,1474.2071,0,0,0,0,0,0,0,0,0
19527,0,05-Dec-14,20944,"East Calais,Vermont",5650,2029.4472,0,0,0,0,0,0,0,0,0
57033,0,11-Oct-17,22388,"Denton,Texas",76203,2203.759312,0,0,0,0,0,0,0,0,1
33212,0,20-Jun-15,20755,"Lake Bronson,Minnesota",56734,2045.523385,0,0,0,0,0,0,0,0,0
41909,0,28-Oct-13,18326,"Alton,Kansas",67623,1812.582039,0,0,0,0,0,0,0,0,0
47222,0,21-May-17,12015,"Fairdealing,Missouri",63939,1136.500555,0,0,0,0,0,0,0,0,1
23314,0,11-Dec-13,6921,"Coldspring,Texas",77331,652.1302569,0,0,0,0,0,0,0,0,0
59536,1,08-Apr-13,13553,"Folcroft, PA ",19032,1325.27586,0,0,1,0,0,0,0,1,1
50709,0,16-Jun-13,13457,"Mesquite,Texas",75150,1285.714145,0,0,0,0,0,0,0,0,0
57783,0,18-May-14,7223,"South Weymouth,Massachusetts",2190,677.2979726,0,0,0,0,0,0,0,0,1
50824,0,17-Jul-15,2872,"Keller,Virginia",23401,242.1727114,0,0,0,0,0,0,0,0,0
1127,0,12-May-16,19172,"Newport Beach,California",92661,1877.184204,0,0,0,0,0,0,0,0,1
4738,0,23-Nov-13,16680,"Durant,Oklahoma",74702,1613.047774,0,0,0,0,0,0,0,0,0
41410,1,17-Jul-13,28080,"SAN FRANCISCO, CA",94103,2767.960204,1,1,0,1,1,0,0,1,0
28273,0,12-Jun-15,23644,"Zurich,Montana",59547,2334.419565,0,0,0,0,0,0,0,0,0
22715,0,21-Aug-14,9872,"Gill,Colorado",80624,962.2468401,0,0,0,0,0,0,0,0,1
18729,0,25-Dec-14,26913,"Atlanta,Georgia",30392,2636.289748,0,0,0,0,0,0,0,0,0
9848,0,19-Nov-13,11897,"San Antonio,Texas",78224,1144.722722,0,0,0,0,0,0,0,0,0
44900,0,31-Jul-14,23039,"Gladewater,Texas",75647,2248.942426,0,0,0,0,0,0,0,0,1
13258,0,24-Dec-13,6435,"Trevilians,Virginia",23170,598.4878902,0,0,0,0,0,0,0,0,0
7859,0,19-May-13,15269,"Indianapolis,Indiana",46295,1506.913074,0,0,0,0,0,0,0,0,0
35189,0,07-Sep-14,43961,"San Diego,California",92114,4371.14146,0,0,0,0,0,0,0,0,1
7426,0,17-Dec-14,7477,"San Diego,California",92126,722.7440806,0,0,0,0,0,0,0,0,0
20449,0,21-Dec-16,10823,"Marshall,Michigan",49068,1032.337401,0,0,0,0,0,0,0,0,1
15412,0,10-Aug-17,14556,"North Lima,Ohio",44452,1425.578208,0,0,0,0,0,0,0,0,1
21505,0,04-Mar-14,9227,"La Conner,Washington",98257,882.7423383,0,0,0,0,0,0,0,0,0
58058,0,02-Apr-15,8126,"South Hill,Virginia",23970,777.5600153,0,0,0,0,0,0,0,0,0
56329,0,30-Aug-15,23846,"Clarkston,Utah",84305,2354.639145,0,0,0,0,0,0,0,0,0
2463,0,22-Nov-13,32409,"Higganum,Connecticut",6441,3180.947397,0,0,0,0,0,0,0,0,0
52530,1,28-Apr-13,20931,"Chelsea, MA",2150,2068.0688,4,0,1,0,1,0,0,1,1
30634,0,25-May-16,14427,"Unionville,Virginia",22567,1417.658905,0,0,0,0,0,0,0,0,1
26909,0,15-Jun-16,13027,"Absecon,New Jersey",8205,1252.70121,0,0,0,0,0,0,0,0,1
35151,0,25-Dec-13,9274,"San Jose,Illinois",62682,877.4102644,0,0,0,0,0,0,0,0,0
46234,0,09-Feb-17,8941,"Tracy City,Tennessee",37387,854.0826078,0,0,0,0,0,0,0,0,1
56439,1,13-Oct-15,8476,"Auburn, WA ",98001,787.6200468,2,1,0,1,0,0,0,1,0
54657,1,23-Mar-14,6310,"Hayward, CA ",94545,571.0104739,3,0,0,0,0,0,0,1,0
50298,0,03-Apr-17,32969,"Redford,Michigan",48240,3241.85474,0,0,0,0,0,0,0,0,1
17889,0,07-Jun-17,3752,"Low Moor,Iowa",52757,325.2290183,0,0,0,0,0,0,0,0,1
25074,0,06-Jun-16,8631,"Hot Springs National Park,Arkansas",71914,803.0625925,0,0,0,0,0,0,0,0,1
9806,0,13-Nov-16,30212,"Marlborough,New Hampshire",3455,2971.211082,0,0,0,0,0,0,0,0,1
47439,0,06-Jan-13,17916,"Rising Star,Texas",76471,1751.595427,0,0,0,0,0,0,0,0,0
34000,1,25-Feb-14,34003,"Carlsbad, CA ",92010,3355.299417,0,0,1,1,1,0,0,1,0
52006,1,02-Mar-14,9131,"Santa Monica, CA ",90404,853.1200328,5,1,0,1,1,0,0,1,0
